id,serial,meter_type,status
0030dec0-42f3-46c2-b788-6fae34b1bdd5,01263393,Electric,Active
00347c8c-8c83-48f3-a383-0f96d51aa893,01262451,Electric,Active
00a4d6fa-e411-4c80-b1ea-09220bf4b065,01260642,Electric,Active
00dd8da2-3b81-41c4-b7a7-e51ee163a9d5,01264034,Electric,Active
01a135d0-b65a-437a-ab47-f8cf90970acd,01262443,Electric,Active
01a8135a-953b-4a4f-a22a-0ee6cff56ed7,01260749,Electric,Active
020d74f6-6ecc-4a21-a4a9-267d539a8078,01263170,Electric,Active
03002c1c-f2c3-4a0a-ab74-7b9b2c64a96a,01260593,Electric,Active
030a1c26-b601-4cca-8ae6-981df11f1443,01259969,Electric,Active
03243a11-c701-45f2-bd09-7c5963dcab09,01257995,Electric,Active
034c28bf-1f70-4f86-bb0d-d63a1e0c866a,TEST_01,Electric,Active
040c02b5-6edd-4ab4-b9ae-7b6a84f1c15e,01262493,Electric,Active
0438af40-e375-4f09-ae29-e81c7f1e65bf,01257796,Electric,Active
048798da-7ba4-4674-bb88-764714371688,01261813,Electric,Active
0492d738-bd90-4ffa-a146-276735e59a69,01262550,Electric,Active
04b3e14a-54c7-40a3-a662-4db60e507568,01262419,Electric,Active
050cd5d6-f1a2-4c27-8917-7fc190e46788,01262867,Electric,Active
051dda4b-9509-4ae1-bd9c-c4082e25ae0e,01260012,Electric,Active
0614339d-2bcf-42e0-97c4-509ceed2a10e,01260303,Electric,Active
062576e2-5bef-4cfb-953d-e765cabd14ec,01259170,Electric,Active
069a6e52-98cb-4196-a90c-f2cbc1137f78,01263810,Electric,Active
06a1aa90-b55d-41f5-b048-1bf12a6bf0a7,01257734,Electric,Active
06e6f9f8-5b07-4420-8c53-feec49948c50,01262094,Electric,Active
0740b54d-a33c-4f55-b9a5-06267fca8f74,01262571,Electric,Active
079a44bb-0ab8-4df6-88c3-ed8f6ae7d200,01261464,Electric,Active
08b37446-4c63-4b5c-b947-38ac772bcf40,01263173,Electric,Active
091d7d94-d491-42b5-a9d5-10585a839314,01263762,Electric,Active
092db72d-7dc6-47d3-b2cd-7a7b467bd821,01260889,Electric,Active
0942b7f0-25c8-4dbe-8be8-71f36e5450c2,01257594,Electric,Active
0a8e0705-318f-4678-9ffc-1e775e9f2372,01263689,Electric,Active
0bd024be-1c2d-4c6b-811a-e9e1be1f3bdc,01257408,Electric,Active
0bde26c4-f7c0-4abb-9ebb-e53a27aa9554,01258134,Electric,Active
0d843196-25bf-4a26-9402-104002d87fd8,01263473,Electric,Active
0fc36ee2-c536-4ba4-9648-e695cb699eec,01257951,Electric,Active
0feb75ba-fc3f-414c-8a43-e6edd39bbf25,01261189,Electric,Active
105f7138-eab6-44f3-8846-04d3f754b4c8,01262224,Electric,Active
10ae1871-27c3-4066-aee3-26d70ad5f599,01263362,Electric,Active
10cd9115-c06c-4e4c-bf68-f5e0c13a2a80,01258375,Electric,Active
12b05426-ebbe-45c3-a320-389cbcfb2d4f,01263177,Electric,Active
12c438d6-5a24-4f80-80c3-d53b106210b5,01262980,Electric,Active
138ed558-5006-4cf3-b920-ba22a91d35ef,01262223,Electric,Active
1427617d-26a6-4791-860f-aeb988cf0a51,01257985,Electric,Active
14ab067d-12a5-49d6-a3e8-a396e0ff5715,01262114,Electric,Active
155c3e87-f047-4267-9116-b09e4c200f6b,01262431,Electric,Active
15816846-7725-4517-9a86-508312cbd131,01259314,Electric,Active
166b8c54-9c47-4bbf-8af1-ef194e59f640,01257498,Electric,Active
16a48fb9-6324-4c97-b5fa-68c93c9be39c,01257843,Electric,Active
18a34095-b08a-40e7-8d53-b743355ffc9c,01264042,Electric,Active
18b70f9c-7acb-4f5b-8235-1114839e7e4d,01258078,Electric,Active
194b2558-58d5-4d01-9fb8-ccc30e4956d2,01263560,Electric,Active
19a40b93-f852-4aea-89cb-4415ae3b4a7c,01258189,Electric,Active
1a565bc3-3950-471b-9a85-c164c565bd52,01263441,Electric,Active
1b096b6e-c27a-41aa-aafb-49d041626949,01257806,Electric,Active
1c0b70ba-adc6-4279-892c-4b563ebfa226,01262501,Electric,Active
1c15646f-3618-4764-8b12-086b6721e17d,01262464,Electric,Active
1cb0f94a-26b2-4b69-9844-4afef6797852,01260658,Electric,Active
1cef8869-01bf-4695-800f-43c0ae48ce09,01263076,Electric,Active
1dc63280-6377-4915-97c5-0ebc1b4dbfe8,01261551,Electric,Active
1f19ec07-a16f-4fe1-9d43-4cf10e573ccc,01259009,Electric,Active
1fbe82ae-71a6-4501-a10f-788a8661c224,01263247,Electric,Active
1fee3690-4f47-40f0-be7f-9ed2eef05835,01263245,Electric,Active
209e9955-095c-4749-9646-d649eeebd809,01263639,Electric,Active
214acce6-82c2-41e2-8402-2453cae2fbba,01258861,Electric,Active
2262ea14-e50e-46ad-8b46-1d71f5e3a8c0,01258243,Electric,Active
22b4fa9a-e236-43a0-bce1-c86b04c8bbe3,01259069,Electric,Active
2385b8d0-082b-4da0-94c8-e49bd0ecc4aa,01258042,Electric,Active
23af13bc-72e6-44a4-a8f3-eacb03260242,01262619,Electric,Active
23ea2585-6d28-4cf4-a328-fa3302736d56,01257591,Electric,Active
241d86ff-5bd7-416b-aaf2-08624da13744,01261794,Electric,Active
243288dd-b3e4-4673-bdef-6d0d230773a7,01263157,Electric,Active
248457d6-c4da-4639-85dd-40da3088d9d5,01262575,Electric,Active
24a3edaf-7fda-45ef-a5b3-12f448f88836,01263969,Electric,Active
24a7196b-7190-4bf2-9034-9341a1097a1a,01262449,Electric,Active
2564c005-da06-4ab4-b1f8-1a746267ef3a,01257803,Electric,Active
2600ed22-64e3-4535-9df7-fc7d29d25324,01258862,Electric,Active
26597209-2c48-4fe5-ad26-f288dd545ac5,01262553,Electric,Active
266db20d-3582-49a1-8c90-c39400f77dac,01258865,Electric,Active
26b5dffe-c4ce-4b0c-9508-a6ebb63c6cc5,01262207,Electric,Active
27a95ba0-7dda-4281-ad28-bea3bda62056,01260864,Electric,Active
28b0d050-1667-49ab-8776-92a44a9bdc6b,01259242,Electric,Active
28e59762-58ea-481c-b1ba-95ec55f03721,01262964,Electric,Active
299120b7-3275-472e-ad05-e68d723fff1f,01258030,Electric,Active
2aa929a2-ee06-4fe1-b3e4-3ee6516a0c67,01259457,Electric,Active
2b462b88-cdf6-4176-b280-ab04aedc0a6f,01261286,Electric,Active
2b557f8e-0345-4b79-9aef-d36bf9e4facd,01263210,Electric,Active
2b971be2-2c77-41ad-affe-e4ba1615b2ce,01261567,Electric,Active
2bb9c83b-4ca6-4068-bb1e-3114569b4d92,01259594,Electric,Active
2cdb8a19-babe-43b9-b955-2787864b8277,01263161,Electric,Active
2d3793b9-5429-4b49-8495-6567e2bd4744,01263455,Electric,Active
2dd9a276-04ca-4188-8671-806fc7056d4f,01261578,Electric,Active
2e668fb6-9388-42c1-b6e0-315be9e9477f,01263396,Electric,Active
2f303b8a-e8e4-4499-830a-0bc023c7893c,01263234,Electric,Active
2fb3c6aa-8c2f-4b43-be48-35f700b0a56d,01260951,Electric,Active
3097b77e-c355-45ea-98bb-4788c179db8b,01259550,Electric,Active
30cfb4f5-b4d1-4ef5-90f5-9f1cd8196ecb,01263168,Electric,Active
30d16327-b271-4afe-95c7-422d7202e42b,01261329,Electric,Active
31a2fb46-ce27-4807-8bf0-5afe94a33496,01263205,Electric,Active
321a0185-1edb-45c3-946c-9b19742668ae,01263521,Electric,Active
33490c07-3a5c-4ec5-9df9-5497179483fd,01258595,Electric,Active
337a63bf-d49e-4c97-96b7-46985f8d6c7a,01258357,Electric,Active
337fa306-1339-40aa-b59a-11a9219c2b28,01263300,Electric,Active
349f55ad-7738-4d60-9d15-d79ce5bf4d2e,01263305,Electric,Active
34fac3cd-adb2-4431-9e55-c78351947d1e,01263557,Electric,Active
35ba682f-74d9-4303-93bb-7533c18c32b0,01257955,Electric,Active
35dd7208-7ed6-4e50-8125-19d96f2e99bc,01264045,Electric,Active
362125ea-0985-4d6a-a6f5-43c31ca018ad,01263351,Electric,Active
365571e0-c36d-4654-b4e2-63f3b0c110d1,01258144,Electric,Active
370b93f8-49b3-4086-b177-081236a37c8c,01257078,Electric,Active
371c9d25-0ce7-448a-ae22-d8894fe17856,01258659,Electric,Active
376db15b-2e2e-4620-9544-42da803fa807,01262515,Electric,Active
37a5c9a4-fb56-42a0-91e1-641ab07d52e7,01262447,Electric,Active
3a4f56d2-9e3d-4914-ac87-1f21c854fb18,01263428,Electric,Active
3b129592-6cbe-4b5a-a59d-2a4af5189beb,01261852,Electric,Active
3be3537b-9001-411f-b572-cfab320a72ba,01262555,Electric,Active
3c2e6da8-f181-4123-a39f-e2eee1ab72e8,01262505,Electric,Active
3e2b0725-6617-4e1e-a328-5a466b55982b,01263547,Electric,Active
3ef3ccd1-d350-4750-9d02-9776ebc21b58,01257817,Electric,Active
40371b94-ba2f-418a-bbda-0533af1e6232,01263431,Electric,Active
406ea704-d6b5-4805-a722-7125ef44b387,01257292,Electric,Active
425c6268-b74b-4b00-ad1a-13af03d911a5,01260606,Electric,Active
433a73d0-57dc-4033-b9e4-ae42e8b07634,01263765,Electric,Active
4360b021-b1de-451a-9c51-482d4d5759f5,01263121,Electric,Active
438fd74f-178b-4ae1-94a3-9d8cb2d67b7e,01263312,Electric,Active
43b9943a-9a46-4e63-b8cf-9184da24f2d7,01257572,Electric,Active
441213fc-511f-4f00-aaf5-e85d0fdd5f2d,01262726,Electric,Active
469850bc-e3e2-4537-9528-bf8e8af4c669,01259287,Electric,Active
46a7ad3d-50bf-4b48-907e-8306f516e1ae,01257699,Electric,Active
47e49655-e95f-45cd-9257-2c26a320a3ed,01262558,Electric,Active
48960e1c-34ee-45e5-be61-fac73a20bc67,01259442,Electric,Active
492dc87c-7a9d-4f2e-a0d6-e27515115545,01261555,Electric,Active
4a68479f-8f8b-486c-ab83-f6438a218fde,01262683,Electric,Active
4b18945c-c69d-4655-8a20-690d901a6116,01257515,Electric,Active
4b3c721d-2c02-4dd6-9b9a-6969584e11e3,01257464,Electric,Active
4b42e457-f4ec-4bbd-8111-11182eb039df,01263090,Electric,Active
4b9e98a7-6ad1-4218-854f-e9caa0074791,01262584,Electric,Active
4bd9dc4d-a183-4e06-9341-7aacf26862bc,01262255,Electric,Active
4c2837fe-a388-4c3a-bcf8-767d645cc469,01260990,Electric,Active
4c31c5b9-0ea7-4c91-993c-816b65b6f21b,01263186,Electric,Active
4d356cbb-221c-42fd-bf60-f236e8cba805,01262421,Electric,Active
4dae4dc0-6fda-461e-a81e-9feba95a066d,01262430,Electric,Active
4e825fee-d263-45d4-a2ac-be02f03aea97,01258879,Electric,Active
4ec49449-a775-4316-a500-7334a2acff0a,01264032,Electric,Active
4fa2f973-ea53-44fb-bc56-e6428d066cb0,01258528,Electric,Active
5011095a-8a37-4023-b754-c44f880dfcb5,01257729,Electric,Active
5090c140-a3b7-4b31-8197-bce1bb7aebb2,01262503,Electric,Active
5164d937-61eb-4ccc-b9f7-8dee3df0fa48,01262610,Electric,Active
51aa1a2c-7d5b-4b38-b074-a276525b0679,01262456,Electric,Active
51e7e015-c042-4b9a-a120-db5d90fcd137,01262402,Electric,Active
51f3b5d8-e5ff-4c15-8640-b60600e8b0bb,01262463,Electric,Active
521e499c-4a43-487e-bccb-038dfedb9f75,01263317,Electric,Active
53a5f933-af0b-4d94-9367-2d6aa8086862,01257604,Electric,Active
53e13369-3b88-403c-99a2-1005d0f322f7,01263808,Electric,Active
54c688d3-f1b9-48eb-980e-8b85c2767ab0,01261242,Electric,Active
555b6e79-aefb-4f37-992f-6d69ba05e07f,01260661,Electric,Active
558d5edb-4216-4b8f-a8c0-ae04d04fe54c,01262724,Electric,Active
57cb9106-3711-4296-ace3-49ca17e7a67a,01257559,Electric,Active
58867142-567e-4888-a7a1-009b60e44640,01257808,Electric,Active
598b47e8-8cec-4757-ae9c-11e987df8d25,01263334,Electric,Active
59a0866f-e523-4013-8a7f-c479ff554861,01257783,Electric,Active
59e3a66f-9b6e-4390-9946-048fe654bb00,01263124,Electric,Active
5a313e26-ec95-4b8d-a15a-afc671e2a601,01258577,Electric,Active
5ab0dd6c-d996-4f8d-9225-2acdd8ded86f,01258530,Electric,Active
5abbb2b6-1464-4784-9c4b-7307fdec8a4d,01263880,Electric,Active
5ada6db5-4e26-49b0-8e14-0cfbefc98779,01258255,Electric,Active
5b019a1e-31f9-4f29-8c37-60ac34dfb787,01262406,Electric,Active
5b685a01-2fe7-43dd-a4d4-b682c9df7258,01262512,Electric,Active
5c21bf8d-d69c-4461-b687-a1310d35bb4e,01262454,Electric,Active
5c4bea30-d864-4f9c-9574-80f6d7da05b9,01259780,Electric,Active
5da94a62-30bb-4db9-b65b-c46c31ba075e,01261528,Electric,Active
5dc4f610-ff64-4c31-998a-5f0b0e07e1d4,01261006,Electric,Active
5dd9aec5-75ae-4f78-851c-a2ea55cba5ea,01261071,Electric,Active
5df4f912-7b58-4ca7-9db4-d0dd0f91a4f5,01260865,Electric,Active
5e751e86-85cc-4aee-a3be-0940ba4c1ad9,01257443,Electric,Active
5f4c8bf5-99fe-4530-95cb-2f7c8d8ba45c,01261433,Electric,Active
5f9f14a4-647e-4419-8943-1a65acb1e651,01262723,Electric,Active
6002c98a-83e3-4be9-9696-89251af32234,01262472,Electric,Active
602716a8-8136-4193-8210-c7942e3d67b8,01263394,Electric,Active
60d10021-e846-4c49-be98-bc0ffe45b801,01263878,Electric,Active
6133f850-2e9b-4787-93c7-554821e7fa0c,01258338,Electric,Active
62734270-b886-40ac-9beb-b8b82661614a,01258612,Electric,Active
62aeddc5-7ad7-4aa3-8e5d-a6bd401c8983,01262462,Electric,Active
636504c5-6ee3-42cc-8fe5-c29b9b50961e,01258534,Electric,Active
6390284e-aae6-434a-9caa-5623682e875c,01259227,Electric,Active
655da326-b426-48df-895e-f95960fec4db,01263558,Electric,Active
655e562f-4f79-42b5-bca6-8f70bc56fefb,01258475,Electric,Active
661908e3-515c-4ede-8f3d-5fe12808e27a,01257845,Electric,Active
6761022a-bc1f-40e4-9784-f3c6c72d4378,01257630,Electric,Active
678d8f0f-73c5-4d77-8a0a-9d49f5d2a85a,01262958,Electric,Active
698734ad-9fc8-4952-9d0e-497d215a19b7,01257688,Electric,Active
69a0f616-6dc6-4d28-9063-54e4a111eb22,01258431,Electric,Active
6cba3ac1-dd6e-48c8-883e-5485e71053b2,01263216,Electric,Active
6d1d8be2-8047-4ff7-a300-5e4b8823cc2c,01260970,Electric,Active
6da77950-c952-4f2f-bb04-d6889f015979,01258069,Electric,Active
6e263358-e258-471c-892e-4983182a1e3f,01257819,Electric,Active
6e7c72b7-2c42-4971-bb4d-8f250ada8b1c,01262478,Electric,Active
6fb3c910-c31b-4f54-ac78-106faf365cba,01258025,Electric,Active
705ae580-b51c-4c54-a20e-4cf2c67b6909,01262428,Electric,Active
710f7152-5764-45b6-8ad8-e923c5ea3c2d,01261137,Electric,Active
728d9eea-afcc-46b4-8a75-952fd46b7da1,01263193,Electric,Active
72bc5a0f-88d0-4a1f-93c0-20261ebe5068,01263283,Electric,Active
72e11912-f682-4c54-ac60-d3600408f600,01258477,Electric,Active
74150c94-277e-4adb-bd59-82f50b6df868,01262855,Electric,Active
747f2d4f-8bb3-4c85-a8d1-64b42cfa17da,01263855,Electric,Active
7591ac83-bbf3-4f7e-9996-67d8f5bdfd41,01263886,Electric,Active
76b896d3-b110-4f05-903b-8212783c8a67,01261459,Electric,Active
78be1582-b558-4a5a-86df-97070151c8f9,01260265,Electric,Active
794fb5f8-5371-4ca7-9dd9-c1730485311e,01263153,Electric,Active
7a01a710-edcb-43fe-8e63-dfde47255352,01262465,Electric,Active
7a30aecb-178a-4877-92e2-91982585a11d,01262448,Electric,Active
7a3669b0-6e5b-4cc0-9079-fd1b21db6e19,01257260,Electric,Active
7adaf8f3-8ee5-4825-923d-8c12e7b6ebe9,01260272,Electric,Active
7b69ca24-c24e-43e2-87c1-df22f8a2d398,01262432,Electric,Active
7b907945-4d8f-4eef-acf4-fe9f297ea48f,01263268,Electric,Active
7bb319f6-aafb-4c3e-a789-096d8cadf946,01263226,Electric,Active
7bda8efc-8238-4aed-84b1-a9234d3c449e,01263155,Electric,Active
7c034070-7ce8-435d-8dae-fb652e74ff9e,01261170,Electric,Active
7c1ec930-69d0-4fea-9f39-6666c49335a1,01263248,Electric,Active
7c94988b-6961-42b4-8813-9fbf09a319f1,01263047,Electric,Active
7ca46237-1d1c-480b-8d1a-5be1bd498645,01260378,Electric,Active
7cb745e1-b382-47e4-aab1-0104271e2d06,01262953,Electric,Active
7cefa746-ff2b-4e76-8e05-3c8b9ed8c1a4,01260337,Electric,Active
7d0df0ed-7482-4ca5-882f-7259df7ba5b1,01263211,Electric,Active
7d18e5a6-f933-432a-a66d-3495e2523383,01261379,Electric,Active
7d8fe321-6b9a-415b-ae1f-3e4d1e760bf3,01257484,Electric,Active
7e04b1b9-f714-428b-837a-ea37b4dca33b,01262661,Electric,Active
7f05dabe-d68c-4d6c-a51a-6d33d9656004,01263359,Electric,Active
7f38097d-72fa-4ff0-a8fe-d842314fd867,01263103,Electric,Active
7f7ad2a4-9b38-4ca4-befa-6a32d88b4e28,01262403,Electric,Active
7fa35e88-205b-4857-a5b9-1eea92f518f6,01261708,Electric,Active
7fc0b8dc-fc32-4875-be7d-bb171cb2b26f,01258461,Electric,Active
7fc7097b-0437-4633-a737-15bbbe113882,01263371,Electric,Active
80779e1c-bae7-4627-a85b-8b1b787621d5,01262513,Electric,Active
81aa3927-cd85-4c78-aeee-26fea12dae37,01262602,Electric,Active
81f40d8a-a334-46f6-a800-5dcaca263786,01259414,Electric,Active
82891a70-54ff-44c5-adc9-3eb79d5b4bdc,01257275,Electric,Active
828ab1f6-b086-4ca1-afcb-75320b2be91f,01258535,Electric,Active
82cb6113-85a2-4262-819c-faf5069296f2,01263117,Electric,Active
832a1b3d-e286-4f4a-8ec3-e467839ae3e1,01261648,Electric,Active
83923d2f-ed7d-4240-8731-e2f15404d232,01258615,Electric,Active
844c6be0-488e-4125-a610-5a2c079083da,01260708,Electric,Active
847a6c92-c01e-468b-8b8c-8bab0af6ab88,01259564,Electric,Active
847e5316-0ba8-4b77-bd73-6e54f34cf1a3,01259463,Electric,Active
84892068-3cac-4c71-ab66-a397f3ee8872,01257162,Electric,Active
84aa06c4-31b3-43d3-b340-f918dd9204fe,01259202,Electric,Active
84b685c6-1e41-4b85-8dcb-fd9d360e94ee,01262422,Electric,Active
85058197-9d4f-4ec1-bbe1-600afa241788,01262184,Electric,Active
85d066a4-104d-46ae-80e9-265ec2e013a7,01258176,Electric,Active
8806b658-3936-4ad3-b322-951afbbf4aad,01258856,Electric,Active
884e6fa4-e31a-4851-8656-6da8ef8925fb,01263400,Electric,Active
8877d439-0db5-4d3f-b485-5c60944377ea,01263453,Electric,Active
88cab438-4529-4477-83e9-58244fe18824,01263192,Electric,Active
897f920c-a1f9-4e1a-96bb-2c7fffc9f151,01262901,Electric,Active
8a5f9337-e643-4d10-a57a-28caffdf2aef,01263333,Electric,Active
8b136764-958b-48e7-a0b8-0365c63ff365,01262477,Electric,Active
8b549119-5f6b-4634-b766-83355931cc4d,01263360,Electric,Active
8e072813-6e62-4b74-892e-cec2affb84a9,01263562,Electric,Active
8e074d70-a6f5-4fec-b5fa-f042cd22ba86,01263224,Electric,Active
8ec7de8a-6e0d-4c2c-bf93-d6e5086d427c,01257142,Electric,Active
924bcd88-8254-4edd-abb1-4a7e8f75338b,01259173,Electric,Active
9473e0d4-624a-4748-9733-6d315ffb4940,01260859,Electric,Active
954e2f95-4987-4820-8534-3bc2cf60d0f6,01262439,Electric,Active
956e301c-e785-45bd-a3ce-81958c4dfdfd,01261891,Electric,Active
95c36f49-fa9c-4866-88fc-d9589c617646,01257791,Electric,Active
95d7e83d-cc7e-450f-8b29-f3ee663baf5b,01262613,Electric,Active
961209cf-d5ba-40e5-a11a-226df5f95149,01263316,Electric,Active
9617e08b-0d92-4af2-bf4b-451348128e43,01263131,Electric,Active
97169929-0a3a-4dea-af9f-6c0882b31e92,01264013,Electric,Active
97f4279b-1056-4d12-98aa-1cd9901aeb27,01263365,Electric,Active
9829e8a7-535a-49a9-9bf8-ed8bfbb66efa,01259187,Electric,Active
9845f59e-30be-4d00-be98-035d9c8b29dc,01259909,Electric,Active
998b367b-000e-4b67-a6b1-0312bdd72773,01259446,Electric,Active
9a601a5d-3e5e-400a-baa7-749c19c6a76f,01259199,Electric,Active
9a6159dd-3f72-49fd-8b84-bbb2ffbe99ea,01259949,Electric,Active
9b7c4d1f-89fd-435f-8099-a50b0c050f37,01263243,Electric,Active
9bdd23e3-705b-4315-897a-204f9e463e19,01259619,Electric,Active
9c8c749a-4fdf-4288-a6c8-7fa6963a59a3,01260757,Electric,Active
9ca23983-a283-4c9b-a96b-97b681fa0b03,01263189,Electric,Active
9d2bf19d-675a-47de-b6a9-b79bcffd645b,01263174,Electric,Active
9df2429f-8acc-451d-a451-493553435f44,01259445,Electric,Active
9f2ae86e-e7a2-4551-b28b-e1f50607ae96,01261310,Electric,Active
9f5e5fac-0f84-42a2-b9b2-695ffe7ec70d,01263472,Electric,Active
9f65e1b6-de34-4e2c-8a4f-ae1117ef5cd8,01261172,Electric,Active
a04c8efe-a685-4c0c-8e54-6c510ec4980a,01260207,Electric,Active
a04d391e-aab4-4a54-9198-1f601f46188e,01260858,Electric,Active
a04e0f3e-2fbb-4119-86b4-ce14f9cef62f,01259906,Electric,Active
a1330c30-5702-47c1-9222-a9447ad3428f,01263328,Electric,Active
a22b43f2-afcd-4229-9fa6-224ca7a33a22,01262248,Electric,Active
a2ab3861-8b76-4ab0-9f06-dc600d8721df,01263147,Electric,Active
a2c135f8-51fc-41c9-99b5-c02b4e6b2512,01258527,Electric,Active
a3e4a45f-0ed6-4d2a-8251-43da7a525ba1,01258090,Electric,Active
a4607925-2ade-4bfb-a675-193dc2f1a2f4,01263244,Electric,Active
a47663e5-c6ed-49e6-a416-eb9e5677483f,01262688,Electric,Active
a4a53d39-fedf-413b-ba98-800a027080b6,01263154,Electric,Active
a5c311c4-ed05-462e-9a20-79b2672ccdb1,01261025,Electric,Active
a674fd87-6ed1-489e-a165-5eef444816f7,01263118,Electric,Active
a72dcbdc-1ce4-4775-af21-80f873c8994c,01257509,Electric,Active
a77feb17-2f80-4e55-b242-01d47b2e763c,01263566,Electric,Active
a786f40e-5429-4fda-8c21-bfc429aab944,01263517,Electric,Active
a83d24be-bbcc-4b29-88f4-abb7e5e7ac69,01257893,Electric,Active
a9008491-db67-4294-9dfd-b003b74e80b2,01263252,Electric,Active
a91efa6d-5b40-4258-ac5e-cfe3dabb3f6f,01263520,Electric,Active
a97d84e6-8eeb-4a4e-85e0-054f3b4db198,01260849,Electric,Active
a984c44b-277f-4853-a0ea-43f43f4793c7,01258714,Electric,Active
aa6a62b0-878a-4b14-9207-b079e48392c1,01258321,Electric,Active
ab0b1976-8ac7-4268-bb5a-7c013152eee7,01257393,Electric,Active
abd4e3e7-6719-4ff0-b418-b55ceb5c97e4,01262500,Electric,Active
ac7420a6-1da6-4837-b3d2-4369e861c1f8,01257731,Electric,Active
ac9d0654-771c-4433-a1d8-b79761940ea0,01262433,Electric,Active
ad221ef0-ca26-447c-be50-f8694fe72760,01258713,Electric,Active
ad3d323f-e81c-4b8d-905d-0adcbfa834c9,01257056,Electric,Active
ad42c0e8-9bfe-4fcb-85bd-ea7da2a353dc,01258911,Electric,Active
ad50209a-8d6d-4ad0-8f16-6ee66f2d878d,01263220,Electric,Active
ada963f8-2048-470d-aa2f-9fd1b2386d91,01258998,Electric,Active
adf60dae-7d44-4fc5-9ed7-2e00a3d0097a,01257851,Electric,Active
ae01d246-e102-4e5c-8a33-d6be73ff6f67,01263516,Electric,Active
affca6de-8aad-4812-bb5e-bd6f1a9bc863,01262056,Electric,Active
b0a6fb63-b020-4533-9863-ebb55cb0c40c,01257642,Electric,Active
b0d0cf7f-c5e9-46de-9770-5fd554f4c6a1,01261010,Electric,Active
b1e6ac50-5dd0-4b8f-8c5e-0a95fd0c6598,01257439,Electric,Active
b33b146b-c293-4e69-9c16-86a67e1490b9,01263194,Electric,Active
b3910487-bbdc-43f3-8fc5-06968329a659,01259763,Electric,Active
b41da72b-1bd1-4156-a7f9-909ca0feffb4,01261132,Electric,Active
b458204b-7678-4239-808f-3d48637df386,01258533,Electric,Active
b4eb6e6a-dda1-4799-8715-db368521d864,01258739,Electric,Active
b5e02718-a937-46e9-8f35-a574b55518c4,01257167,Electric,Active
b66e1711-826d-41a7-9cdf-26a7e9c5b8a1,01260987,Electric,Active
b6759e01-b42b-467b-89c8-5f0cebb3e77e,01259171,Electric,Active
b7527b29-2ac5-4dea-a4dd-23ce90881cb0,01258955,Electric,Active
b7fb9147-bca8-47d4-be9d-1a189449cecb,01258743,Electric,Active
b89534dd-840d-4b48-aa5e-1f5746fe7045,01258914,Electric,Active
b99434bf-6819-4d17-b375-210bf636b4ed,01259026,Electric,Active
b9a59714-2768-41c1-a59f-60dd2919e816,01263438,Electric,Active
ba3593c1-4bf3-406e-b969-6e99df8ba4d4,01263017,Electric,Active
bbf74363-01e5-4676-b75b-9c3d96a2b381,01263565,Electric,Active
bc64b38d-e264-4efc-9365-28e99dd33e14,01262445,Electric,Active
bc72fda6-9fe0-49ec-9c36-d5db35dd46d5,01257164,Electric,Active
bcd399ca-da1c-45f9-ab47-e1efc39c0df7,01259907,Electric,Active
bdf42a70-ec65-4e46-8346-c55bb0320a25,01258948,Electric,Active
be7c2fa2-cc94-4a3c-88f6-24641b65d589,01263366,Electric,Active
bed8e330-de98-488b-a177-9dfd920d4ef5,01264019,Electric,Active
bf771944-9051-49fb-8139-ab7907959742,01259947,Electric,Active
c002534f-9a49-4b45-b7e0-ae7caed248c7,01263401,Electric,Active
c0283521-8efc-422a-8067-2af720b7e19f,01258374,Electric,Active
c0e7e7c6-6ff7-4305-892e-cc2b6e4c188b,01260040,Electric,Active
c0fd10fc-6cad-476e-9fa5-455d9a8c2b65,01263616,Electric,Active
c14d36b9-7877-4a21-946c-de356dcd936c,01262536,Electric,Active
c1545c21-0f7c-42fd-8e35-7deb6b0b3b48,01258079,Electric,Active
c171fabf-80dc-49de-a870-a0004cce9d91,01258544,Electric,Active
c217b192-2d52-4856-b3a6-da033db110ae,01261628,Electric,Active
c24565d5-48a6-42e4-8f65-7f6595cbad89,01260956,Electric,Active
c24be709-deb6-4ef0-9f30-4070c4661cf2,01258415,Electric,Active
c25c788b-5e20-4939-b92b-51450700dc9d,01259114,Electric,Active
c28b79af-3ec0-4f68-a237-c9f9394ea960,01263171,Electric,Active
c2a17802-11f0-477a-8280-c69c49303c4a,01258662,Electric,Active
c2ed4e61-05b4-4ab9-a330-0539aac13380,01260860,Electric,Active
c2edaa82-4853-4460-b5d5-099a0f2adf44,01263691,Electric,Active
c31b85ff-b118-47f0-91ee-87550d0ef928,01263548,Electric,Active
c41f8fce-841f-46b0-8412-99bcbee4ab7e,01263184,Electric,Active
c4c209ad-49e0-4987-bc0f-b50e4d94439b,01257996,Electric,Active
c574d96e-7bb7-4914-a6b2-9317775c2472,01264012,Electric,Active
c591cbb6-f5f6-42f5-9c8c-e3179806ff1d,01258536,Electric,Active
c5be7c0d-a4e1-4f4c-a339-c7385e9a9163,01258391,Electric,Active
c5bfb375-c85b-42ce-85c1-3fce0e471a97,01260697,Electric,Active
c6511325-9b82-4012-8ea7-7334e0c4fa5d,01260645,Electric,Active
c704d24d-06ed-4a16-96c6-86434c2fece3,01263949,Electric,Active
c7c8c33a-cb62-4e62-9bc2-c34631cd3867,01262615,Electric,Active
c7f2b95b-6552-4d0f-9133-104600e672aa,01263159,Electric,Active
c7fb3dc6-4e9c-487b-b551-fb6a0ef90068,01263533,Electric,Active
c81032c4-168e-4bcc-93b4-895c5819066d,01260882,Electric,Active
c9d69ff5-999a-46ca-9772-f4d9ff545f89,01259008,Electric,Active
ca976e0f-125f-4835-9ece-55edb48d80cc,01263534,Electric,Active
cbe76512-8d7d-468f-9623-334fbd310195,01258242,Electric,Active
cbfeb4a4-9e60-4aba-82c5-c0663108cebb,01261902,Electric,Active
cc1de393-75de-4d6f-be17-28a30db8f6d7,01260981,Electric,Active
cca9b126-521c-48cc-82dc-9ac02c15773c,01263358,Electric,Active
cd30dc10-5ee9-4b39-82f9-bc5d583da95b,01261139,Electric,Active
ce1b4d13-c501-4c8e-bf18-d98c5539a5b8,01261949,Electric,Active
ce7448f8-b99e-4349-be56-f98d6f742ad8,01260498,Electric,Active
cf00be01-213b-473a-9670-ada14d967c3c,01260949,Electric,Active
cf8cc609-015f-4a36-b74b-0c263df2941e,01259648,Electric,Active
cffecda0-4065-4cb9-b321-492d36db38b5,01263288,Electric,Active
d00e18d9-4e32-4b88-8eaa-2d8fa7499fd7,01263145,Electric,Active
d02a5a07-6645-4017-91a0-25a3fce674db,01260672,Electric,Active
d043551a-6076-4229-91b6-e2561be2704d,01262088,Electric,Active
d06725ed-5506-4ed4-8c1a-feea74914c6b,01258442,Electric,Active
d0782bd9-927b-424b-9ca3-8eab7ef30713,01262622,Electric,Active
d1a0c35c-d682-4c13-aaf0-5160bc69c2c1,01264016,Electric,Active
d200ea81-3a64-45c2-8c55-a175b87c0673,01259025,Electric,Active
d2142019-e335-4a02-ab5c-8d5c8206ef31,01263264,Electric,Active
d2834e54-349a-44ea-a44d-5d5a01a630a4,01261448,Electric,Active
d28a0b72-c768-40fc-a3dc-d51a0b10c8e3,01262241,Electric,Active
d346caca-675c-45cf-b8d1-50a259742aa5,01257233,Electric,Active
d579c2b6-3ad8-42cf-b3db-2951cb4a1547,01263299,Electric,Active
d58e78b5-e5cf-4eb5-93d3-9589a3517645,01262977,Electric,Active
d5d6bdd0-f2d1-4279-a9fa-3bf17c616f21,01263227,Electric,Active
d67cac9e-ce3f-44f9-83db-5d06587d85a1,01260743,Electric,Active
d6b62054-1d20-426f-a659-1bf13c2577b1,01257352,Electric,Active
d81106be-d595-432b-be40-32f7a2792fbf,01258552,Electric,Active
d8f22b42-d802-4d37-a34a-475714ce9013,01260615,Electric,Active
d918b879-1b11-4ebb-85e2-5fffd3c24078,01262957,Electric,Active
d9f810e3-a31f-48ac-be9a-c4d3da922975,01263112,Electric,Active
dac186d6-299a-4741-84ab-bb7f61a770ad,01257394,Electric,Active
dbc624f4-a36a-4569-9965-96a69fa7ba89,01258244,Electric,Active
dbfafee6-839b-49a3-a00a-6d3b7c50b7f5,01263573,Electric,Active
dc055e04-df34-4ed7-ab02-9047f6007d4d,01258054,Electric,Active
dc187780-6d8f-458d-b9f1-d852696f8c88,01258376,Electric,Active
dc1d0d2b-28bb-455e-b0a8-0f8ba8beec91,01259151,Electric,Active
dc445cdd-8acb-4c0f-bb62-eacbfa474436,01257456,Electric,Active
dcb9d8a8-5d8d-4282-8266-52fcf17a3116,01263361,Electric,Active
dd3be172-c889-4cf7-983d-f3eb1f4e1c2b,01257746,Electric,Active
de0f6af2-f5b9-440a-a5a0-786def37b475,01261607,Electric,Active
de74bd18-32fb-42dd-a138-fc22c657e7c0,01257354,Electric,Active
df0ed969-79ca-444a-841e-1cf373fa6b60,01258094,Electric,Active
dfdf4577-d5bc-4e14-ad79-6ccb90bbd0e8,01259181,Electric,Active
e0678ea9-ccdc-4668-b2e4-533f9c017105,01263763,Electric,Active
e0e8902d-cc6a-4085-827f-6ca437f31851,01262418,Electric,Active
e1381af0-f29a-415d-9995-34df777507cf,01263500,Electric,Active
e174afdf-6f50-43d4-8704-c0d48fa37a60,01263048,Electric,Active
e17c623d-cc0f-4df9-afb1-56565ddba252,01261861,Electric,Active
e2df5c94-d298-42a1-8adf-f0fffb1233b3,01260950,Electric,Active
e35c88c9-0cd3-4067-9296-14ad1355f6dd,01262053,Electric,Active
e36da959-a209-4762-b45e-312445290fb0,01258745,Electric,Active
e3d0d4b0-7666-4b1d-8807-2ef11b776e03,01257109,Electric,Active
e473dabd-2edd-4f9d-abe0-c82f748f0974,01258516,Electric,Active
e4af4388-5055-4829-9b1e-58c8e395eab2,01263090,Electric,Active
e50476f6-dfc9-4214-a916-e275a005e69a,01259046,Electric,Active
e5111f99-bed1-4255-b957-7ef8b4e7caeb,01257102,Electric,Active
e614192f-f671-4d59-a9f4-d0ceaa3a36ab,01263475,Electric,Active
e67e0943-8a1d-44b0-921e-74af4d416d07,01262557,Electric,Active
e6d62ef7-1680-44de-80a2-2d8188073dca,01262919,Electric,Active
e6e31b9b-1df5-444d-abb5-39a7d54c26ee,01263335,Electric,Active
e7091367-e91c-42ce-8e04-8c249df7d158,01260461,Electric,Active
e7e343ec-4549-4ae6-8c83-494893fcab11,01261050,Electric,Active
e82695ec-53be-4ce4-a10d-cff50a1bb60b,01258619,Electric,Active
e82d737a-09b7-4dd4-962e-c0e19363aad1,01257246,Electric,Active
e95a8642-3717-4ae7-8eb0-42dbbf99af5b,01260954,Electric,Active
e9ae6452-1c1d-4c5d-9314-07edcc8f50e5,01263572,Electric,Active
e9dc94ba-d205-47b7-aa75-edb7c137f4d6,01261651,Electric,Active
ea5ee692-01d8-4184-b506-cfbd25932fa1,01263195,Electric,Active
eae1cbe1-699d-4d70-9adf-4b4145f1773f,01262551,Electric,Active
eb1565fa-4a74-4d86-b321-6745767aca3d,01259937,Electric,Active
eb736f07-81cb-4dd1-b792-ae979126d677,01257560,Electric,Active
ed0440c3-2d64-4e42-9c33-98b0211e1cc1,01263429,Electric,Active
edd36ca6-711b-4751-867e-af96a74d6579,01257455,Electric,Active
eddaca23-5321-4684-b31a-391de6e03ffd,01263146,Electric,Active
ee0264c4-14f9-4849-a230-722d01a8763a,01263574,Electric,Active
ef8fc0b7-afa3-41c5-9c58-4d1c154a7f38,01261381,Electric,Active
f01926fd-d751-418b-9e4c-75433e3a36dd,01257131,Electric,Active
f0c5ca2a-4c60-428b-8caa-0b328d4675f1,01262259,Electric,Active
f1f56b7c-2dda-4781-b16b-111f48710690,01258364,Electric,Active
f209f1b0-47b6-4feb-bf05-3102ec903460,01259185,Electric,Active
f322a5b6-e8a6-4d7d-8639-106bdcaf161a,01263881,Electric,Active
f3d461ca-bf32-4656-800b-c37ea381ccf6,01258853,Electric,Active
f3e9b720-60a0-4841-b00c-03d7a0d7ccfb,01260843,Electric,Active
f4299afc-ae9d-40bb-9b73-95f66c91c623,01263251,Electric,Active
f43f889f-b66e-4df4-824a-bb03f0c2ed34,01263258,Electric,Active
f47456f0-a360-42d4-a3f6-f7499244ff4e,01258653,Electric,Active
f4e289dc-d01d-4e2d-a739-0568c67aec9c,01259000,Electric,Active
f500b6de-4258-4993-995a-3c79e00f3e56,01257283,Electric,Active
f50a6a31-0081-4603-bfd9-126fc8be4d47,01261309,Electric,Active
f52ba992-609d-4ecc-9539-35b9dd970133,01262528,Electric,Active
f5696115-1b24-47fb-af65-a9535ea0db14,01263879,Electric,Active
f5ca2797-c08d-4f97-a940-0944c360b767,01260435,Electric,Active
f64af7c6-694e-4b01-8314-e8699489fd67,01260179,Electric,Active
f66f866b-905c-4b7b-ba8b-b17a4dd06115,01259749,Electric,Active
f6b12f4c-84d4-483e-91e3-df19a139e7c4,01263250,Electric,Active
f7072eec-6f63-425a-9cf4-bb383d6bce38,01261054,Electric,Active
f7def545-184f-4365-b9fd-289f87012870,01263364,Electric,Active
f8102158-001d-4a11-9164-6c5946c9e130,01263175,Electric,Active
f8196344-8b52-4c00-a5bf-260af0f32e77,01260719,Electric,Active
f8334f14-c207-45b2-b939-1c7511fe6d12,01262696,Electric,Active
f96b45b9-edf7-4756-966e-adf36d839b0e,01261277,Electric,Active
fa5251e8-5cdf-4c40-9ca0-b2f1d45f3076,01263270,Electric,Active
fa56d1d5-541b-4040-a2da-13c38106ad37,01263271,Electric,Active
fa571aa7-979e-4f2d-8e56-3308c9e42ac9,01263221,Electric,Active
fa9d1f5d-bade-439a-baf1-ed830f860286,01257507,Electric,Active
faa5d0de-d7ac-48b4-8a48-9f085b19709d,01259982,Electric,Active
fafba214-26ed-498e-a274-fba43f18bf1a,01262417,Electric,Active
fb484a7d-f915-4224-9155-fdda5277e788,01261579,Electric,Active
fb870071-9bf5-455b-b885-771c90e3245f,01257959,Electric,Active
fbc721a1-789f-4709-9007-e4021dec1b99,01258027,Electric,Active
fbf1b2eb-52cc-4ea4-9adb-d3d3bb0428b1,01263370,Electric,Active
fc05036c-4509-49fd-81f1-4c7f96eba5e1,01260107,Electric,Active
fcb81698-ec29-4885-aa06-8c893662e569,01263114,Electric,Active
fd7b7dc4-836b-4acc-8105-6e2232e7335e,01257831,Electric,Active
fdf661f0-b2a8-4015-a01c-338e5663c514,01263363,Electric,Active
fe2e107d-a763-4919-871a-8200294bb03d,01259211,Electric,Active
fea45d80-a110-43e3-bb11-316124ce0b47,01261062,Electric,Active
ff088b7e-e575-4d2a-bfe6-166b3c405b24,01260054,Electric,Active
ff116f61-f4a8-41b4-a530-8973bd06937e,01259217,Electric,Active
ff6b6be2-1770-4022-889c-8d0ef438ec9e,01258999,Electric,Active
ffe335c0-6527-4d15-8691-1b15d595f4ff,01257997,Electric,Active
